[{"name":"Whataya Want From Me","artist":"Adam Lambert","url":"https://storage.enltc.pages.dev/music/Adam Lambert-Whataya Want From Me.mp3","cover":"/music/Adam Lambert - Whataya Want From Me.jpg","lrc":"https://storage.enltc.pages.dev/lrc/Adam Lambert-Whataya Want From Me.lrc"},{"name":"Lemon Tree","artist":"Fool's Garden","url":"https://storage.enltc.pages.dev/music/Fool's Garden-Lemon Tree.mp3","cover":"/music/Fool's Garden - Lemon Tree.png","lrc":"https://storage.enltc.pages.dev/lrc/Fool's Garden-Lemon Tree.lrc"},{"name":"Monsters","artist":"Katie Sky","url":"https://storage.enltc.pages.dev/music/Katie Sky-Monsters.mp3","cover":"/music/Katie Sky - Monsters.png","lrc":"https://storage.enltc.pages.dev/lrc/Katie Sky-Monsters.lrc"},{"name":"Unstoppable","artist":"Sia","url":"https://storage.enltc.pages.dev/music/Sia-Unstoppable.mp3","cover":"/music/Sia - Unstoppable.png","lrc":"https://storage.enltc.pages.dev/lrc/Sia-Unstoppable.lrc"},{"name":"Shadow Of The Sun","artist":"Max Elto","url":"https://storage.enltc.pages.dev/music/Max Elto-Shadow Of The Sun.mp3","cover":"/music/Max Elto - Shadow Of The Sun.png","lrc":"https://storage.enltc.pages.dev/lrc/Max Elto-Shadow Of The Sun.lrc"},{"name":"See You Again","artist":"Wiz Khalifa","url":"https://storage.enltc.pages.dev/music/Wiz Khalifa-See You Again.mp3","cover":"/music/Wiz Khalifa - See You Again.png","lrc":"https://storage.enltc.pages.dev/lrc/Wiz Khalifa-See You Again.lrc"},{"name":"暮色回响","artist":"吉星出租","url":"https://storage.enltc.pages.dev/music/吉星出租-暮色回响.mp3","cover":"/music/吉星出租 - 暮色回响.png","lrc":"https://storage.enltc.pages.dev/lrc/吉星出租-暮色回响.lrc"},{"name":"七里香","artist":"周杰伦","url":"https://storage.enltc.pages.dev/music/周杰伦-七里香.mp3","cover":"/music/周杰伦 - 七里香.png","lrc":"https://storage.enltc.pages.dev/lrc/周杰伦-七里香.lrc"},{"name":"兰亭序","artist":"周杰伦","url":"https://storage.enltc.pages.dev/music/周杰伦-兰亭序.mp3","cover":"/music/周杰伦 - 兰亭序.png","lrc":"https://storage.enltc.pages.dev/lrc/周杰伦-兰亭序.lrc"},{"name":"晴天","artist":"周杰伦","url":"https://storage.enltc.pages.dev/music/周杰伦-晴天.mp3","cover":"/music/周杰伦 - 晴天.png","lrc":"https://storage.enltc.pages.dev/lrc/周杰伦-晴天.lrc"},{"name":"稻香","artist":"周杰伦","url":"https://storage.enltc.pages.dev/music/周杰伦-稻香.mp3","cover":"/music/周杰伦 - 稻香.png","lrc":"https://storage.enltc.pages.dev/lrc/周杰伦-稻香.lrc"},{"name":"青花瓷","artist":"周杰伦","url":"https://storage.enltc.pages.dev/music/周杰伦-青花瓷.mp3","cover":"/music/周杰伦 - 青花瓷.png","lrc":"https://storage.enltc.pages.dev/lrc/周杰伦-青花瓷.lrc"},{"name":"玫瑰少年","artist":"周深_周庭","url":"https://storage.enltc.pages.dev/music/周深_周庭-玫瑰少年.mp3","cover":"/music/周深_周庭 - 玫瑰少年.png","lrc":"https://storage.enltc.pages.dev/lrc/周深_周庭-玫瑰少年.lrc"},{"name":"City of Stars","artist":"周深_米卡","url":"https://storage.enltc.pages.dev/music/周深_米卡-City of Stars.mp3","cover":"/music/周深_米卡 - City of Stars.png","lrc":"https://storage.enltc.pages.dev/lrc/周深_米卡-City of Stars.lrc"},{"name":"Champions","artist":"周深","url":"https://storage.enltc.pages.dev/music/周深-Champions.mp3","cover":"/music/周深 - Champions.png","lrc":"https://storage.enltc.pages.dev/lrc/周深-Champions.lrc"},{"name":"人是_","artist":"周深","url":"https://storage.enltc.pages.dev/music/周深-人是_.mp3","cover":"/music/周深 - 人是_.png","lrc":"https://storage.enltc.pages.dev/lrc/周深-人是_.lrc"},{"name":"光亮","artist":"周深","url":"https://storage.enltc.pages.dev/music/周深-光亮.mp3","cover":"/music/周深 - 光亮.png","lrc":"https://storage.enltc.pages.dev/lrc/周深-光亮.lrc"},{"name":"大鱼","artist":"周深","url":"https://storage.enltc.pages.dev/music/周深-大鱼.mp3","cover":"/music/周深 - 大鱼.png","lrc":"https://storage.enltc.pages.dev/lrc/周深-大鱼.lrc"},{"name":"平凡之路","artist":"周深","url":"https://storage.enltc.pages.dev/music/周深-平凡之路.mp3","cover":"/music/周深 - 平凡之路.png","lrc":"https://storage.enltc.pages.dev/lrc/周深-平凡之路.lrc"},{"name":"征途","artist":"周深","url":"https://storage.enltc.pages.dev/music/周深-征途.mp3","cover":"/music/周深 - 征途.png","lrc":"https://storage.enltc.pages.dev/lrc/周深-征途.lrc"},{"name":"有我","artist":"周深","url":"https://storage.enltc.pages.dev/music/周深-有我.mp3","cover":"/music/周深 - 有我.png","lrc":"https://storage.enltc.pages.dev/lrc/周深-有我.lrc"},{"name":"浮光","artist":"周深","url":"https://storage.enltc.pages.dev/music/周深-浮光.mp3","cover":"/music/周深 - 浮光.png","lrc":"https://storage.enltc.pages.dev/lrc/周深-浮光.lrc"},{"name":"牵丝戏","artist":"周深","url":"https://storage.enltc.pages.dev/music/周深-牵丝戏.mp3","cover":"/music/周深 - 牵丝戏.png","lrc":"https://storage.enltc.pages.dev/lrc/周深-牵丝戏.lrc"},{"name":"璀璨冒险人","artist":"周深","url":"https://storage.enltc.pages.dev/music/周深-璀璨冒险人.mp3","cover":"/music/周深 - 璀璨冒险人.png","lrc":"https://storage.enltc.pages.dev/lrc/周深-璀璨冒险人.lrc"},{"name":"花开忘忧","artist":"周深","url":"https://storage.enltc.pages.dev/music/周深-花开忘忧.mp3","cover":"/music/周深 - 花开忘忧.png","lrc":"https://storage.enltc.pages.dev/lrc/周深-花开忘忧.lrc"},{"name":"起风了","artist":"周深","url":"https://storage.enltc.pages.dev/music/周深-起风了.mp3","cover":"/music/周深 - 起风了.png","lrc":"https://storage.enltc.pages.dev/lrc/周深-起风了.lrc"},{"name":"身骑白马","artist":"周深","url":"https://storage.enltc.pages.dev/music/周深-身骑白马.mp3","cover":"/music/周深 - 身骑白马.png","lrc":"https://storage.enltc.pages.dev/lrc/周深-身骑白马.lrc"},{"name":"铃芽之旅","artist":"周深","url":"https://storage.enltc.pages.dev/music/周深-铃芽之旅.mp3","cover":"/music/周深 - 铃芽之旅.png","lrc":"https://storage.enltc.pages.dev/lrc/周深-铃芽之旅.lrc"},{"name":"西厢寻他","artist":"唐伯虎","url":"https://storage.enltc.pages.dev/music/唐伯虎-西厢寻他.mp3","cover":"/music/唐伯虎 - 西厢寻他.png","lrc":"https://storage.enltc.pages.dev/lrc/唐伯虎-西厢寻他.lrc"},{"name":"就让这大雨全都落下","artist":"容祖儿","url":"https://storage.enltc.pages.dev/music/容祖儿-就让这大雨全都落下.mp3","cover":"/music/容祖儿 - 就让这大雨全都落下.png","lrc":"https://storage.enltc.pages.dev/lrc/容祖儿-就让这大雨全都落下.lrc"},{"name":"少年中国说","artist":"张杰","url":"https://storage.enltc.pages.dev/music/张杰-少年中国说.mp3","cover":"/music/张杰 - 少年中国说.png","lrc":"https://storage.enltc.pages.dev/lrc/张杰-少年中国说.lrc"},{"name":"星星","artist":"张杰","url":"https://storage.enltc.pages.dev/music/张杰-星星.mp3","cover":"/music/张杰 - 星星.png","lrc":"https://storage.enltc.pages.dev/lrc/张杰-星星.lrc"},{"name":"身骑白马","artist":"张杰","url":"https://storage.enltc.pages.dev/music/张杰-身骑白马.mp3","cover":"/music/张杰 - 身骑白马.png","lrc":"https://storage.enltc.pages.dev/lrc/张杰-身骑白马.lrc"},{"name":"追光者","artist":"张杰","url":"https://storage.enltc.pages.dev/music/张杰-追光者.mp3","cover":"/music/张杰 - 追光者.png","lrc":"https://storage.enltc.pages.dev/lrc/张杰-追光者.lrc"},{"name":"默","artist":"张杰","url":"https://storage.enltc.pages.dev/music/张杰-默.mp3","cover":"/music/张杰 - 默.png","lrc":"https://storage.enltc.pages.dev/lrc/张杰-默.lrc"},{"name":"笼","artist":"张碧晨","url":"https://storage.enltc.pages.dev/music/张碧晨-笼.mp3","cover":"/music/张碧晨 - 笼.png","lrc":"https://storage.enltc.pages.dev/lrc/张碧晨-笼.lrc"},{"name":"破茧","artist":"张韶涵","url":"https://storage.enltc.pages.dev/music/张韶涵-破茧.mp3","cover":"/music/张韶涵 - 破茧.png","lrc":"https://storage.enltc.pages.dev/lrc/张韶涵-破茧.lrc"},{"name":"童话镇","artist":"暗杠","url":"https://storage.enltc.pages.dev/music/暗杠-童话镇.mp3","cover":"/music/暗杠 - 童话镇.png","lrc":"https://storage.enltc.pages.dev/lrc/暗杠-童话镇.lrc"},{"name":"平凡之路","artist":"朴树","url":"https://storage.enltc.pages.dev/music/朴树-平凡之路.mp3","cover":"/music/朴树 - 平凡之路.png","lrc":"https://storage.enltc.pages.dev/lrc/朴树-平凡之路.lrc"},{"name":"万疆","artist":"李玉刚","url":"https://storage.enltc.pages.dev/music/李玉刚-万疆.mp3","cover":"/music/李玉刚 - 万疆.png","lrc":"https://storage.enltc.pages.dev/lrc/李玉刚-万疆.lrc"},{"name":"清明上河图","artist":"李玉刚","url":"https://storage.enltc.pages.dev/music/李玉刚-清明上河图.mp3","cover":"/music/李玉刚 - 清明上河图.png","lrc":"https://storage.enltc.pages.dev/lrc/李玉刚-清明上河图.lrc"},{"name":"赤伶NEW","artist":"李玉刚","url":"https://storage.enltc.pages.dev/music/李玉刚-赤伶NEW.mp3","cover":"/music/李玉刚 - 赤伶NEW.png","lrc":"https://storage.enltc.pages.dev/lrc/李玉刚-赤伶NEW.lrc"},{"name":"赤伶OLD","artist":"李玉刚","url":"https://storage.enltc.pages.dev/music/李玉刚-赤伶OLD.mp3","cover":"/music/李玉刚 - 赤伶OLD.png","lrc":"https://storage.enltc.pages.dev/lrc/李玉刚-赤伶OLD.lrc"},{"name":"修炼爱情","artist":"林俊杰","url":"https://storage.enltc.pages.dev/music/林俊杰-修炼爱情.mp3","cover":"/music/林俊杰 - 修炼爱情.png","lrc":"https://storage.enltc.pages.dev/lrc/林俊杰-修炼爱情.lrc"},{"name":"江南","artist":"林俊杰","url":"https://storage.enltc.pages.dev/music/林俊杰-江南.mp3","cover":"/music/林俊杰 - 江南.png","lrc":"https://storage.enltc.pages.dev/lrc/林俊杰-江南.lrc"},{"name":"曹操","artist":"林俊杰","url":"https://storage.enltc.pages.dev/music/林俊杰-曹操.mp3","cover":"/music/林俊杰 - 曹操.png","lrc":"https://storage.enltc.pages.dev/lrc/林俊杰-曹操.lrc"},{"name":"像我这样的人","artist":"毛不易","url":"https://storage.enltc.pages.dev/music/毛不易-像我这样的人.mp3","cover":"/music/毛不易 - 像我这样的人.png","lrc":"https://storage.enltc.pages.dev/lrc/毛不易-像我这样的人.lrc"},{"name":"无名的人","artist":"毛不易","url":"https://storage.enltc.pages.dev/music/毛不易-无名的人.mp3","cover":"/music/毛不易 - 无名的人.png","lrc":"https://storage.enltc.pages.dev/lrc/毛不易-无名的人.lrc"},{"name":"消愁","artist":"毛不易","url":"https://storage.enltc.pages.dev/music/毛不易-消愁.mp3","cover":"/music/毛不易 - 消愁.png","lrc":"https://storage.enltc.pages.dev/lrc/毛不易-消愁.lrc"},{"name":"如愿","artist":"王菲","url":"https://storage.enltc.pages.dev/music/王菲-如愿.mp3","cover":"/music/王菲 - 如愿.png","lrc":"https://storage.enltc.pages.dev/lrc/王菲-如愿.lrc"},{"name":"倒数","artist":"邓紫棋","url":"https://storage.enltc.pages.dev/music/邓紫棋-倒数.mp3","cover":"/music/邓紫棋 - 倒数.png","lrc":"https://storage.enltc.pages.dev/lrc/邓紫棋-倒数.lrc"},{"name":"赤伶OLD","artist":"邓寓君","url":"https://storage.enltc.pages.dev/music/邓寓君-赤伶OLD.mp3","cover":"/music/邓寓君 - 赤伶OLD.png","lrc":"https://storage.enltc.pages.dev/lrc/邓寓君-赤伶OLD.lrc"},{"name":"光年之外","artist":"邓紫棋","url":"https://storage.enltc.pages.dev/music/邓紫棋-光年之外.mp3","cover":"/music/邓紫棋 - 光年之外.png","lrc":"https://storage.enltc.pages.dev/lrc/邓紫棋-光年之外.lrc"},{"name":"泡沫","artist":"邓紫棋","url":"https://storage.enltc.pages.dev/music/邓紫棋-泡沫.mp3","cover":"/music/邓紫棋 - 泡沫.png","lrc":"https://storage.enltc.pages.dev/lrc/邓紫棋-泡沫.lrc"},{"name":"我的秘密","artist":"邓紫棋","url":"https://storage.enltc.pages.dev/music/邓紫棋-我的秘密.mp3","cover":"/music/邓紫棋 - 我的秘密.png","lrc":"https://storage.enltc.pages.dev/lrc/邓紫棋-我的秘密.lrc"},{"name":"无名的人","artist":"郭麒麟","url":"https://storage.enltc.pages.dev/music/郭麒麟-无名的人.mp3","cover":"/music/郭麒麟 - 无名的人.png","lrc":"https://storage.enltc.pages.dev/lrc/郭麒麟-无名的人.lrc"},{"name":"浮夸","artist":"陈奕迅","url":"https://storage.enltc.pages.dev/music/陈奕迅-浮夸.mp3","cover":"/music/陈奕迅 - 浮夸.png","lrc":"https://storage.enltc.pages.dev/lrc/陈奕迅-浮夸.lrc"},{"name":"人世间","artist":"雷佳","url":"https://storage.enltc.pages.dev/music/雷佳-人世间.mp3","cover":"/music/雷佳 - 人世间.png","lrc":"https://storage.enltc.pages.dev/lrc/雷佳-人世间.lrc"}]